species	species_id_method	strain	isotype	previous_names	release	source_lab	latitude	longitude	elevation	landscape	locality_description	substrate	substrate_comments	substrate_temp	ambient_temp	ambient_humidity	associated_organism	inbreeding_status	sampled_by	isolated_by	sampling_date	sampling_date_comment	notes	strain_set	issues	issue_notes	isotype_ref_strain	sequenced	long	lat	Thiabendazole_mean.TOF	mean_norm	cbn2	cypvartype	cypben1type
Caenorhabditis elegans	None	BRC20067	BRC20067	None	20160408	BRC	24.072954	121.169736	2000.0	None	Taiwan	Rotting_nut/pod/seed/fruit	unknown orangish-yellowish colored fruit	None	None	None	None	None	J. Wang	C.-Y. Kao	2012-01-13	None	None	1	FALSE	None	TRUE	TRUE	121.169736	24.072954	0.00643338722298648	0.6325063227288162	neither	K267	K267_b1
Caenorhabditis elegans	None	BRC20263	BRC20263	None	20170531	BRC	-33.86748611	151.2069889	19.0	None	New South Wales	None	None	None	None	None	None	None	C. Lee, N. Chang	J.-C. Hsu	2014-08-04	None	None	5	FALSE	None	TRUE	TRUE	151.2069889	-33.86748611	-6.98896049111827	0.574402811234578	neither	K267E	K267E_nob1
Caenorhabditis elegans	None	CB4854	CB4854	GA9	20160408	CGC	34.189	-118.131	407.0	Urban_garden	California	Vegetal_litter/mix	vegetable garden	None	None	None	None	None	C. Johnson	C. Johnson	1973-12-01	None	CGC says Isolated in May 1974 from vegetable garden on Garfias St, Altadena, California USA, Noted as identical to CB3198 by Hodgkin and Doniach. Hodgkin and Doniach say isolated December 1973	2	FALSE	None	TRUE	TRUE	-118.131	34.189	23.7143675661907	0.8294236443305741	neither	K267	K267_nob1
Caenorhabditis elegans	None	CB4856	CB4856	CB4856_(CGC_#3)|CB4856_CGC_3|CB4856_CGC|CB4856	20160408	CGC	21.33	-157.86	60.0	Rural_garden	Hawaii	Rotting_nut/pod/seed/fruit	pineapple field	None	None	None	None	None	L. Hollen	L. Hollen	1972-08-01	None	Isolated from an unknown Hawaiian island pineapple field	D	FALSE	None	TRUE	TRUE	-157.86	21.33	9.40909460866867	0.7106045176064779	CB4856	K267E	K267E_b1
Caenorhabditis elegans	None	CB4932	CB4932	None	20160408	CGC	51.02	-3.1	15.0	Rural_garden	England	Fungus	mushroom casing	None	None	None	None	None	P. Grewal	P. Grewal	1991-01-01	None	unique Tc1 pattern	2	FALSE	None	TRUE	TRUE	-3.1	51.02	28.2979087242885	0.8674943864496726	neither	K267	K267_nob1
Caenorhabditis elegans	None	CX11262	CX11262	HEY-028	20160408	CX	34.130138	-118.114835	214.0	Botanical_garden_or_zoo	California	Soil	soil	None	None	None	None	None	A. Sivasundar	A. Sivasundar	2003-09-01	None	isolated in Huntington Gardens, exact location in garden is unknown	3	FALSE	None	TRUE	TRUE	-118.114835	34.130138	-50.9746048186681	0.2090594960168112	neither	K267D	K267D_nob1
Caenorhabditis elegans	None	CX11264	CX11264	HEY-034	20160408	CX	34.130138	-118.114835	214.0	Botanical_garden_or_zoo	California	Soil	soil	None	None	None	None	None	A. Sivasundar	A. Sivasundar	2003-09-01	None	isolated in Huntington Gardens, exact location in garden is unknown	3	FALSE	None	TRUE	TRUE	-118.114835	34.130138	-53.5038279051659	0.1880518522395513	neither	K267D	K267D_nob1
Caenorhabditis elegans	None	CX11271	CX11271	HEY-050	20160408	CX	34.13712	-118.12532	233.0	Urban_garden	California	Soil	soil	None	None	None	None	None	A. Sivasundar	A. Sivasundar	2003-09-01	None	isolated at California Institue of Technology, exact location at CalTech is unknown	1	FALSE	None	TRUE	TRUE	-118.12532	34.13712	10.3074962140539	0.7180666117948499	neither	K267	K267_b1
Caenorhabditis elegans	None	CX11276	CX11276	HEY-056	20160408	CX	34.20111	-118.21198	391.0	Botanical_garden_or_zoo	California	Soil	soil	None	None	None	None	None	A. Sivasundar	A. Sivasundar	2003-09-01	None	1783	1	FALSE	None	TRUE	TRUE	-118.21198	34.20111	1.97906239274844	0.6488909143743683	neither	K267	K267_nob1
Caenorhabditis elegans	None	CX11285	CX11285	HEY-061	20160408	CX	34.14331	-118.05496	161.0	Botanical_garden_or_zoo	California	Soil	soil	None	None	None	None	None	A. Sivasundar	A. Sivasundar	2003-09-01	None	isolated in Los Angeles Arboretum, exact location is unknown	1	FALSE	None	TRUE	TRUE	-118.05496	34.14331	2.8585252262316	0.6561957037461658	neither	K267	K267_nob1
Caenorhabditis elegans	None	CX11292	CX11292	HEY-016	20160408	CX	34.13531	-118.30582	390.0	Urban_garden	California	Soil	soil	None	None	None	None	None	A. Sivasundar	A. Sivasundar	2004-02-01	None	isolated in Griffith Park, exact location in park is unknown	3	FALSE	None	TRUE	TRUE	-118.30582	34.13531	20.5054239047834	0.8027702638122561	neither	K267	K267_nob1
Caenorhabditis elegans	None	CX11314	CX11314	HEY-036	20160408	CX	34.12946	-118.10987	205.0	Urban_garden	California	Soil	soil	None	None	None	None	None	A. Sivasundar	A. Sivasundar	2003-09-01	None	isolated in Huntington Gardens, exact location in garden is unknown	D	FALSE	None	TRUE	TRUE	-118.10987	34.12946	-33.0252343330462	0.3581463769649601	neither	K267D	K267D_nob1
Caenorhabditis elegans	None	DL200	DL200	None	20160408	DL	9.03	38.74	2439.0	Urban_garden	Oromia	Soil	garden soil in an orphanage	None	None	None	None	None	D. Denver	D. Denver	2007-12-01	None	None	1	FALSE	None	TRUE	TRUE	38.74	9.03	6.15623433907111	0.683586367184828	neither	K267	K267_nob1
Caenorhabditis elegans	None	DL226	DL226	None	20160408	DL	44.5633	-123.2821	73.0	Urban_garden	Oregon	Soil	leaf litter/soil on Oregon State campus	None	None	None	None	None	C. Hilburn	C. Hilburn	2008-01-01	None	None	1	FALSE	None	TRUE	TRUE	-123.2821	44.5633	10.6856279973921	0.7212073619515427	neither	K267	K267_nob1
Caenorhabditis elegans	None	DL238	DL238	None	20160408	DL	19.11	-155.81	653.0	Forest	Hawaii	Vegetal_litter/mix	leaves on side of hiking path at Manuka State Park	None	None	None	None	None	J. Knapp	J. Knapp	2008-07-15	None	None	D	FALSE	None	TRUE	TRUE	-155.81	19.11	-27.7117916289648	0.40227965732054394	neither	K267D	K267D_nob1
Caenorhabditis elegans	None	ECA189	ECA189	None	20170531	ECA	19.423889	-155.2225	1117.0	Forest	Hawaii	Soil	next to a yacon plant	None	None	None	None	None	T. Blanche	R. Tanny	2014-07-09	None	None	5	FALSE	None	TRUE	TRUE	-155.2225	19.423889	-30.5820115474709	0.37843970507107105	neither	K267D	K267D_nob1
Caenorhabditis elegans	None	ECA248	CB4855	CB4855_(UK)|CB4855_UK|CB4855|Cal-5|Sta-5	20160408	CB	37.44	-122.14	8.0	Urban_garden	California	Compost	compost heap	None	None	None	None	None	T. Doniach	None	1982-01-01	None	Low copy Tc1, pattern VI	2	FALSE	None	TRUE	TRUE	-122.14	37.44	6.15173243774687	0.6835489745404841	neither	K267	K267_nob1
Caenorhabditis elegans	None	ECA250	CB4857	CB4857_(UK)|CB4857_UK|Cl2a	20160408	CB	34.096	-117.719	355.0	None	California	Fungus	rotting mushroom	None	None	None	None	None	E. Hedgecock	None	1972-11-01	None	Low copy Tc1, pattern II	3	FALSE	None	TRUE	TRUE	-117.719	34.096	-4.46322671729343	0.5953814728955302	neither	K267	K267_nob1
Caenorhabditis elegans	None	ECA251	CB4858	CB4858_(CGC)|CB4858_CGC|CB4858|PA1	20160408	CGC	34.1	-118.1	132.0	Urban_garden	California	Rotting_flower	flower bed	None	None	None	None	None	E. Hedgecock	None	1973-06-01	None	this is a stock of PA1 that was sent to the Emmons lab and found to have a low Tc1copy number (as compared to CB4555). CB4858 strain from CGC, different by WGS than CB version of CB4858	1	FALSE	None	TRUE	TRUE	-118.1	34.1	2.04864099369823	0.6494688319456083	neither	K267	K267_nob1
Caenorhabditis elegans	ITS2	ECA348	ECA348	None	20170531	ECA	37.775334	-122.253889	4.0	Urban_garden	Alameda, USA	Rotting_nut/pod/seed/fruit	rotting leaves and Ginko berries in an urban garden	None	None	None	None	None	S. Zdraljevic	K. Patel	2015-12-30	None	None	4	FALSE	None	TRUE	TRUE	-122.253889	37.775334	7.55578561857161	0.695210994084967	neither	K267D	K267D_b1
Caenorhabditis elegans	ITS2	ECA349	ECA349	None	20170531	ECA	32.765758	-117.236741	3.0	Urban_garden	San Diego, USA	Rotting_nut/pod/seed/fruit	rotting palm nuts outside dumpsters	None	None	None	None	None	E. Andersen	K. Patel	2016-02-09	None	None	4	FALSE	None	TRUE	TRUE	-117.236741	32.765758	-2.71723512743481	0.6098836216200347	neither	K267	K267_nob1
Caenorhabditis elegans	ITS2	ECA36	ECA36	GD6	20160408	ECA	-36.893333	174.745529	46.0	Urban_garden	Auckland, New Zealand	Vegetal_litter/mix	garden grass	None	None	None	None	None	I. Ly	K. Ly	2013-07-27	None	Russel Snell's lab, no CGC lab designation so given an ECA strain name	1	FALSE	None	TRUE	TRUE	174.745529	-36.893333	-31.771532926924	0.36855957961342006	neither	K267D	K267D_nob1
Caenorhabditis elegans	None	ECA369	ECA369	None	20170531	ECA	21.175556	-157.006389	475.0	Forest	Hawaii	Vegetal_litter/mix	needles at the base of an evergreen tree on the walk to phallic rock	None	None	None	None	None	C. Andersen, M. Andersen	K. Patel	2016-02-20	None	1640 ft elevation	5	FALSE	None	TRUE	TRUE	-157.006389	21.175556	-25.7590340014992	0.41849919795344576	neither	K267D	K267D_nob1
Caenorhabditis elegans	None	ECA372	ECA372	None	20170531	ECA	22.121667	-159.664444	1111.0	Forest	Hawaii	Vegetal_litter/mix	rotting needles and dirt at base of huge evergreen tree	None	None	None	None	None	C. Andersen, M. Andersen	K. Patel	2016-02-27	None	3640 ft elevation	4	FALSE	None	TRUE	TRUE	-159.664444	22.121667	-62.3310906487214	0.11473289819597209	neither	K267D	K267D_nob1
Caenorhabditis elegans	None	ED3005	ED3005	None	20160408	VX	55.94	-3.36	41.0	Urban_garden	Scotland	Compost	compost bin	None	None	None	None	None	A. Cutter	A. Cutter	2004-10-25	None	from a West Mains allotment public vegetable garden near Edinburgh Scotland	2	FALSE	None	TRUE	TRUE	-3.36	55.94	1.11993433671354	0.6417550249953011	neither	K267D	K267D_b1
Caenorhabditis elegans	None	ED3011	ED3011	None	20160408	VX	55.92	-3.19	85.0	Urban_garden	Scotland	Compost	compost bin	None	None	None	None	None	A. Cutter	A. Cutter	2004-11-11	None	isolated from Midmar Allotment public vegetable garden (field 1 plot 39)	3	FALSE	None	TRUE	TRUE	-3.19	55.92	43.3810093973259	0.9927741245982252	neither	K267	K267_b1
Caenorhabditis elegans	None	ED3012	ED3012	None	20160408	VX	55.92	-3.19	85.0	Urban_garden	Scotland	Compost	compost bin	None	None	None	None	None	A. Cutter	A. Cutter	2004-11-26	None	isolated from Midmar Allotment public vegetable garden (field 1 plot 39)	3	FALSE	None	TRUE	TRUE	-3.19	55.92	-17.2875566205806	0.4888630104757649	neither	K267	K267_b1
Caenorhabditis elegans	None	ED3017	ED3017	None	20160408	VX	55.92	-3.19	85.0	Urban_garden	Scotland	Compost	compost bin	None	None	None	None	None	A. Cutter	A. Cutter	2004-12-03	None	isolated from Midmar Allotment public vegetable garden	D	FALSE	None	TRUE	TRUE	-3.19	55.92	17.3152201717171	0.7762725365224338	neither	K267	K267_nob1
Caenorhabditis elegans	None	ED3040	ED3040	None	20160408	VX	-26.166667	28.016667	1630.0	Urban_garden	Gauteng	Compost	compost heap	None	None	None	None	None	E. Dolgin	E. Dolgin	2006-05-05	None	Isolated from compost from Jenny Pettifor's garden in the Paview neighborhood in Johannesburg, South Africa	1	FALSE	None	TRUE	TRUE	28.016667	-26.166667	8.61639364559767	0.7040203694769647	neither	K267	K267_nob1
Caenorhabditis elegans	None	ED3046	ED3046	None	20160408	VX	-33.366667	19.316667	457.0	Urban_garden	Western Cape	Compost	compost heap	None	None	None	None	None	E. Dolgin	E. Dolgin	2006-05-05	None	Isolated from compost at a plant nursery at the Ceres Fruit Farms in the Western Cape province near Ceres	2	FALSE	None	TRUE	TRUE	19.316667	-33.366667	2.57675340362271	0.6538553162542764	neither	K267	K267_nob1
Caenorhabditis elegans	None	ED3048	ED3048	None	20160408	VX	-33.366667	19.316667	457.0	Urban_garden	Western Cape	Compost	compost heap	None	None	None	None	None	E. Dolgin	E. Dolgin	2006-04-02	None	Isolated from compost at a plant nursery at the Ceres Fruit Farms in the Western Cape province near Ceres	1	FALSE	None	TRUE	TRUE	19.316667	-33.366667	7.05902398598416	0.6910849083018195	neither	K267	K267_nob1
Caenorhabditis elegans	None	ED3049	ED3049	None	20160408	VX	-33.366667	19.316667	457.0	Urban_garden	Western Cape	Compost	compost heap	None	None	None	None	None	E. Dolgin	E. Dolgin	2006-04-02	None	Isolated from compost at a plant nursery at the Ceres Fruit Farms in the Western Cape province near Ceres	1	FALSE	None	TRUE	TRUE	19.316667	-33.366667	2.75278207125604	0.6553174045785402	neither	K267	K267_nob1
Caenorhabditis elegans	None	ED3052	ED3052	None	20160408	VX	-33.366667	19.316667	457.0	Urban_garden	Western Cape	Compost	compost heap	None	None	None	None	None	E. Dolgin	E. Dolgin	2006-05-05	None	Isolated from compost at a plant nursery at the Ceres Fruit Farms in the Western Cape province near Ceres	1	FALSE	None	TRUE	TRUE	19.316667	-33.366667	23.2496522791345	0.8255637344394929	neither	K267	K267_nob1
Caenorhabditis elegans	None	ED3073	ED3073	None	20160408	VX	-1.083333	36.65	2352.0	Agricultural_land	Kiambu County	Compost	compost heap	None	None	None	None	None	E. Dolgin	E. Dolgin	2006-05-17	None	Isolated from compost from the Olive Mushroom Farms near the town of Limuru, Kenya;  altitude 2356m	2	FALSE	None	TRUE	TRUE	36.65	-1.083333	0.0574598456048535	0.6329301468140162	neither	K267	K267_nob1
Caenorhabditis elegans	None	ED3077	ED3077	None	20160408	VX	-1.316667	36.8	1688.0	Botanical_garden_or_zoo	Nairobi County	Vegetal_litter/mix	leaf litter	None	None	None	None	None	E. Dolgin	E. Dolgin	2006-05-17	None	solated from leaf litter from the Uhuru Gardens public park in the south part	2	FALSE	None	TRUE	TRUE	36.8	-1.316667	-2.91535467867978	0.6082380471430011	neither	K267	K267_nob1
Caenorhabditis elegans	None	EG4349	EG4349	None	20160408	EG	40.771467	-111.87316	1352.0	Agricultural_land	Utah	Rotting_nut/pod/seed/fruit	rotting fruit, apple	None	None	None	None	None	M. Ailion	M. Ailion	2006-10-02	None	None	2	FALSE	None	TRUE	TRUE	-111.87316	40.771467	8.89004976282958	0.7062933481868958	neither	K267E	K267E_nob1
Caenorhabditis elegans	None	EG4724	EG4724	None	20160408	EG	41.6288	-8.3476	101.0	Agricultural_land	Braga	Rotting_nut/pod/seed/fruit	rotting fruit, apple	None	None	None	None	None	M. Ailion	M. Ailion	2007-03-28	None	None	3	FALSE	None	TRUE	TRUE	-8.3476	41.6288	-48.2185069586855	0.2319515542013485	neither	K267D	K267D_b1
Caenorhabditis elegans	None	EG4725	EG4725	None	20160408	EG	41.6288	-8.3476	101.0	Agricultural_land	Braga	Rotting_nut/pod/seed/fruit	rotting fruit, apple	None	None	None	None	None	M. Ailion	M. Ailion	2007-03-28	None	None	D	FALSE	None	TRUE	TRUE	-8.3476	41.6288	-1.02378688241478	0.623949347050316	neither	K267D	K267D_nob1
Caenorhabditis elegans	None	EG4946	EG4946	None	20160408	EG	40.72596	-111.82184	1416.0	Agricultural_land	Utah	Rotting_nut/pod/seed/fruit	rotting nuts, walnuts	None	None	None	None	None	G. Hollopeter	M. Ailion	2007-09-27	None	None	3	FALSE	None	TRUE	TRUE	-111.82184	40.72596	17.943811128925	0.781493592340375	neither	K267	K267_b1
Caenorhabditis elegans	None	GXW1	GXW1	None	20160408	VX	30.542889	114.419828	24.0	Urban_garden	Hubei Sheng	Rotting_nut/pod/seed/fruit	soil under kiwi fruit in botanical garden	None	None	None	None	None	G. Wang	G. Wang	2010-11-05	None	soil under kiwi fruit in botanical garden	3	FALSE	None	TRUE	TRUE	114.419828	30.542889	-15.8352092554823	0.5009261599265612	neither	K267	K267_b1
Caenorhabditis elegans	None	JT11398	JT11398	None	20160408	JT	47.763944	-122.275484	124.0	Urban_garden	Washington	Compost	worm bin	None	None	None	None	None	J. Kemner	J. Kemner	2003-12-01	None	Isolated from worm bin in contact with soil at 18704 50th Ave Lake Forest Park, WA outside of Seattle. Bin was fed kitchen scraps and espresso ground. Isolated by single worm pick from fluidized worm castings. Fertile with C. elegans males.	D	FALSE	None	TRUE	TRUE	-122.275484	47.763944	15.9626861151966	0.7650384331300996	neither	K267	K267_nob1
Caenorhabditis elegans	None	JU1088	JU1088	J14B1	20160408	JU	34.7613	138.0149	35.0	Botanical_garden_or_zoo	Shizuoka-ken	Soil	soil	None	None	None	None	None	M.-A. Felix	M.-A. Felix	2007-03-14	None	Isolated by MAF from soil sampled on 14 March 2007 in the Kacho-en aviary in Kakegawa, Shizuoka prefecture, Japan. May not be independent from JU1083; was contaminated with a Microbacterium nematophilum-like phenotype (frozen in Q47).	1	FALSE	None	TRUE	TRUE	138.0149	34.7613	18.4219345961123	0.7854648701346668	neither	K267	K267_b1
Caenorhabditis elegans	None	JU1172	JU1172	C6.2.1	20160408	JU	-36.87	-73.04	60.0	Urban_garden	Region del Bio Bio	Compost	compost heap	None	None	None	None	None	M.-A. Felix	M.-A. Felix	2007-04-01	None	Isolated from a sample of soil (compost) in a pot with rotting tomatoes collected in April 2007 in Concepcion, Chile, in the Villuco area, 3 km SE of the town.	1	FALSE	None	TRUE	TRUE	-73.04	-36.87	5.57785836023049	0.6787823953257731	neither	K267	K267_nob1
Caenorhabditis elegans	None	JU1200	JU1200	TP	20160408	JU	55.577	-4.6	32.0	Rural_garden	Scotland	Compost	compost heap	None	None	None	None	None	T. Page	T. Page	2007-08-01	None	Isolated by Tony Page from a compost heap sample recovered on 1 Aug 2007 in SouthWest Scotland 4°36.0’ West 55°34.6’ North.	2	FALSE	None	TRUE	TRUE	-4.6	55.577	23.3944851272009	0.8267667113123784	neither	K267	K267_nob1
Caenorhabditis elegans	None	JU1213	JU1213	6.2.1	20160408	JU	48.71	-3.81	28.0	Rural_garden	Bretagne	Rotting_nut/pod/seed/fruit	rotting fruit, apple	None	None	None	None	None	M.-A. Felix	M.-A. Felix	2007-09-24	None	Isolated by MAF from a rotting apple collected on 24 Sep 07 in Primel, France.	1	FALSE	None	TRUE	TRUE	-3.81	48.71	14.1069983767085	0.7496251518026832	neither	K267E	K267E_nob1
Caenorhabditis elegans	None	JU1242	JU1242	F2	20160408	JU	49.1269	1.9595	92.0	Rural_garden	Ile-de-France	Mollusk	live mollusk, slug	None	None	None	None	None	M.-A. Felix	M.-A. Felix	2007-10-14	None	Isolated from a small black slug (Deroceras?) collected in Santeuil, Viosne valley, Val d’Oise, on 14 Oct 07 below the apple tree with apples #6&7. Not bleached.	1	FALSE	None	TRUE	TRUE	1.9595	49.1269	14.167443323848	0.7501272055457558	neither	K267	K267_nob1
Caenorhabditis elegans	None	JU1249	JU1249	14.1.5	20170531	JU	49.126	1.951	65.0	Rural_garden	Ile-de-France	Rotting_nut/pod/seed/fruit	rotting fruit: apple	None	None	None	None	None	M.-A. Felix	M.-A. Felix	2007-10-14	None	None	5	FALSE	None	TRUE	TRUE	1.951	49.126	10.1089562724056	0.7164175455689518	neither	K267	K267_nob1
Caenorhabditis elegans	None	JU1395	JU1395	E121	20160408	JU	47.2199	0.04619	33.0	Agricultural_land	Pays de la Loire	Compost	compost heap	None	None	None	None	None	M.-A. Felix	M.-A. Felix	2008-03-01	None	Isolated from shiitake mushroom compost remains outside the mushroom farm “Le Saut-aux-Loups”, Montsoreau (49), France, sampled 1/3/2008. Not independent from JU1394.	3	FALSE	None	TRUE	TRUE	0.04619	47.2199	1.17200756137382	0.6421875434867843	neither	K267	K267_b1
Caenorhabditis elegans	None	JU1409	JU1409	E7.6.1	20160408	JU	37.468	-5.637	203.0	Rural_garden	Andalucía	Rotting_nut/pod/seed/fruit	rotting fruit, Opuntia ficus-indica	None	None	None	None	None	M.-A. Felix	M.-A. Felix	2008-03-31	None	Isolated from rotting Opuntia ficus-indica cactus fruit, sampled next to the road below the Parador of Carmona, Spain on 31 Mar 08 by MAF (approx. 400 m from JU1400-8). Plated 3 Apr 08. Isolated as adult on 4 Apr 08 (large population). Not bleached, contaminants kept.	1	FALSE	None	TRUE	TRUE	-5.637	37.468	2.95796727270119	0.6570216661137668	neither	K267	K267_nob1
Caenorhabditis elegans	None	JU1440	JU1440	B7.2.1	20160408	JU	41.41307	2.15231	137.0	Urban_garden	Catalunya	Rotting_nut/pod/seed/fruit	rotting fruit, palm	None	None	None	None	None	M.-A. Felix	M.-A. Felix	2008-06-09	None	Isolated from rotting palm fruit sampled by MAF on 9 June 2008 in the Park Guëll, Barcelona, Spain. Picked as young adult on 11 June 2008.	1	FALSE	None	TRUE	TRUE	2.15231	41.41307	-9.58913494687541	0.5528058477176455	neither	K267	K267_nob1
Caenorhabditis elegans	None	JU1491	JU1491	B10S8	20160408	JU	46.63	1.06	97.0	Forest	Centre	Rotting_stem	rotting stem, Arum maculata	None	None	None	None	None	M.-A. Felix	M.-A. Felix	2008-08-17	None	Isolated from rotting Arum maculata stems sampled on 17 Aug 2008 by MAF in woods near Le Blanc (Indre, France). Plated on 18 Aug, picked as a L4 larva on 18 Aug.	3	FALSE	None	TRUE	TRUE	1.06	46.63	30.9880822631549	0.8898388793910883	neither	K267	K267_nob1
Caenorhabditis elegans	None	JU1530	JU1530	O21.1.1	20160408	JU	48.7015	2.1725	65.0	Rural_garden	Ile-de-France	Rotting_nut/pod/seed/fruit	rotting fruit, apple	None	None	None	None	None	M.-A. Felix	M.-A. Felix	2008-09-09	None	Isolated from a rotting apple O21 (tree “Wealthy”, like O20), sampled in the Orsay orchard on 9 Sep 2008 ca. 14:00, plated ca. 18:00, picked as adult ca. 20:00.	2	FALSE	None	TRUE	TRUE	2.1725	48.7015	4.42526221884263	0.6692089696811224	neither	K267	K267_nob1
Caenorhabditis elegans	None	JU1543	JU1543	O28.1.1	20170531	JU	48.7015	2.1725	65.0	Rural_garden	Ile-de-France	Rotting_nut/pod/seed/fruit	rotting fruit, apple	None	None	None	None	None	M.-A. Felix	M.-A. Felix	2008-09-08	None	None	4	FALSE	None	TRUE	TRUE	2.1725	48.7015	20.4254416882538	0.8021059341521564	neither	K267	K267_nob1
Caenorhabditis elegans	None	JU1568	JU1568	I5.1.1	20160408	JU	48.8092	2.3862	42.0	Urban_garden	Ile-de-France	Rotting_stem	rotting stem, Petasites hybridus	None	None	None	None	None	M.-A. Felix	M.-A. Felix	2008-10-05	None	Isolated from a rotting Petasites stem (#I5) in Ivry-sur-Seine (Val de Marne), France, sampled on 5 Oct 2008. Plated on 6 Oct. Isolated as an adult on 6 Oct.	1	FALSE	None	TRUE	TRUE	2.3862	48.8092	36.1374955036189	0.932609736416344	neither	K267	K267_nob1
Caenorhabditis elegans	None	JU1581	JU1581	O134.10	20160408	JU	48.7015	2.1725	65.0	Rural_garden	Ile-de-France	Rotting_nut/pod/seed/fruit	rotting fruit, apple	None	None	None	None	None	M.-A. Felix	M.-A. Felix	2008-10-23	None	Isolated from rotting apple O134 (Calville d’Août) sampled by MAF in the Orsay (Essonne, France) orchard on 23 Oct 2008. Plated on 23 Oct, picked as a L2d on 23 Oct.	1	FALSE	None	TRUE	TRUE	2.1725	48.7015	25.5656116010248	0.8448000164015816	neither	K267	K267_nob1
Caenorhabditis elegans	None	JU1652	JU1652	UY1.1	20160408	JU	-34.86	-56.19	33.0	Urban_garden	Departamento de Montevideo	Compost	compost heap	None	None	None	None	None	R. Giordano	None	2009-01-01	None	Isolated from compost sampled in Montevideo, Uruguay	3	FALSE	None	TRUE	TRUE	-56.19	-34.86	-4.96099363033408	0.5912470372859991	neither	K267E	K267E_nob1
Caenorhabditis elegans	None	JU1666	JU1666	P09-21.1	20170531	JU	48.7049	-3.7941	18.0	Wet_shrubland	Brittany	Rotting_nut/pod/seed/fruit	rotting sloe (Prunus spinosa)	None	None	None	None	None	M.-A. Felix	M.-A. Felix	2009-07-14	None	None	5	FALSE	None	TRUE	TRUE	-3.7941	48.7049	14.5113802655328	0.7529839344722498	neither	K267	K267_nob1
Caenorhabditis elegans	None	JU1792	JU1792	B09.6.2	20170531	JU	46.63278	1.064289	80.0	Forest	Centre-Val de Loire	Rotting_stem	rotting Arum stem sampled in woods	None	None	None	None	None	M.-A. Felix	M.-A. Felix	2009-09-27	None	None	5	FALSE	None	TRUE	TRUE	1.064289	46.63278	12.9861953205128	0.7403157984780515	neither	K267	K267_nob1
Caenorhabditis elegans	None	JU1793	JU1793	S53.9.1	20170531	JU	49.12604	1.95114	67.0	Forest	Ile-de-France	Rotting_stem	rotting Heracleum stem	None	None	None	None	None	M.-A. Felix	M.-A. Felix	2009-10-10	None	None	4	FALSE	None	TRUE	TRUE	1.95114	49.12604	-16.2335124691411	0.4976178665330083	neither	K267E	K267E_nob1
Caenorhabditis elegans	None	JU1808	JU1808	I72.1	20170531	JU	48.81257	2.395372	34.0	Urban_garden	Ile-de-France	Mollusk	live isopod, Helix aspersa snail	None	None	None	None	None	M.-A. Felix	M.-A. Felix	2009-10-14	None	None	4	FALSE	None	TRUE	TRUE	2.395372	48.81257	-29.8943729578511	0.38415120858191115	neither	K267	K267_b1
Caenorhabditis elegans	None	JU1896	JU1896	None	20160408	JU	37.999722	23.749673	190.0	Urban_garden	Attica	Rotting_nut/pod/seed/fruit	rotting fruit, olive	None	None	None	None	None	M. Barkoulas	M. Barkoulas	2010-01-02	None	Collected on 2 Jan 10 from rotten olives in Alsos Polygonou, Athens, Greece.	3	FALSE	None	TRUE	TRUE	23.749673	37.999722	32.192074156262	0.8998391964592541	neither	K267	K267_nob1
Caenorhabditis elegans	None	JU1934	JU1934	S106.1.1	20170531	JU	49.12604	1.95114	67.0	Forest	Ile-de-France	Rotting_stem	rotting Heracleum stem S106	None	None	None	None	None	M.-A. Felix	M.-A. Felix	2009-10-25	None	None	5	FALSE	None	TRUE	TRUE	1.95114	49.12604	6.22724794828218	0.684176203887493	neither	K267	K267_nob1
Caenorhabditis elegans	None	JU2001	JU2001	None	20160408	JU	-21.1	55.5	2173.0	Forest	Saint-Benoît	Rotting_flower	rotting flower	None	None	None	None	None	T. Belicard	T. Belicard	2010-09-01	None	Sampled in La Réunion in Sep 2010 by Tony Belicard	2	FALSE	None	TRUE	TRUE	55.5	-21.1	-7.62634618250096	0.5691087066438157	neither	K267E	K267E_nob1
Caenorhabditis elegans	None	JU2007	JU2007	None	20160408	JU	50.7608	-1.32413	6.0	Rural_garden	England	Rotting_nut/pod/seed/fruit	rotting fruit, apple	None	None	None	None	None	M. Barkoulas	M. Barkoulas	2010-10-16	None	Wild strain isolated by Michalis Barkoulas in Cowes, Isle of Wight, UK from rotten apples. Oct 2010	1	FALSE	None	TRUE	TRUE	-1.32413	50.7608	14.483891816664	0.7527556163199649	neither	K267	K267_nob1
Caenorhabditis elegans	None	JU2016	JU2016	SF4.2	20170531	JU	37.757593	-122.463177	113.0	Urban_garden	California	Rotting_nut/pod/seed/fruit	rotting fruit, pumpkin	None	None	None	None	None	C. Nelson	M.-A. Felix	2010-11-01	None	Isolated from rotten pumpkin sampled by Christopher Nelson in White Crane Garden, San Francisco, USA, in late November 2010	5	FALSE	None	TRUE	TRUE	-122.463177	37.757593	6.66311362125284	0.6877964898327642	neither	K267	K267_nob1
Caenorhabditis elegans	None	JU2017	JU2017	SF5.2	20170531	JU	37.757593	-122.463177	113.0	Urban_garden	California	Rotting_stem	rotting root, sweet potato	None	None	None	None	None	C. Nelson	M.-A. Felix	2010-11-01	None	Isolated from rotten sweet potato sampled by Christopher Nelson in White Crane Garden, San Francisco, USA, in late November 2010	5	FALSE	None	TRUE	TRUE	-122.463177	37.757593	16.6680709470577	0.7708973363453708	neither	K267	K267_nob1
Caenorhabditis elegans	None	JU2106	JU2106	13.6.1	20170531	JU	43.06	0.24	487.0	Rural_garden	Occitanie	Compost	compost heap	None	None	None	None	None	M.-A. Felix	M.-A. Felix	2011-07-10	None	None	5	FALSE	None	TRUE	TRUE	0.24	43.06	-30.8025704745044	0.37660774987670725	neither	K267E	K267E_nob1
Caenorhabditis elegans	None	JU2131	JU2131	Trep1.4	20170531	JU	48.0497	-4.705	17.0	Wet_shrubland	Brittany	Rotting_stem	rotting stem, Heracleum sphondylium	None	None	None	None	None	M.-A. Felix	M.-A. Felix	2011-08-09	None	Isolated from a rotting Heracleum stem sampled by MAF in Baie des Trépassés (Finistère), France (48.0497, -4.7050) on 9 Aug 2011. Collected at ca. 20 cm from JU2132	4	FALSE	None	TRUE	TRUE	-4.705	48.0497	-2.94030276215462	0.608030829182133	neither	K267	K267_nob1
Caenorhabditis elegans	None	JU2141	JU2141	B11.10.1	20170531	JU	46.6293	1.0512	111.0	Agricultural_land	Centre-Val de Loire	Rotting_nut/pod/seed/fruit	rotting walnuts (outer layer)	None	None	None	None	None	M.-A. Felix	M.-A. Felix	2011-10-23	None	None	4	FALSE	None	TRUE	TRUE	1.0512	46.6293	-6.30257645531369	0.5801038944626878	neither	K267	K267_nob1
Caenorhabditis elegans	None	JU2234	JU2234	prune7.2	20170531	JU	47.227	-1.583	37.0	Urban_garden	Pays de la Loire	Rotting_nut/pod/seed/fruit	rotten plum	None	None	None	None	None	L. Frezal	L. Frezal	2012-11-11	None	None	4	FALSE	None	TRUE	TRUE	-1.583	47.227	0.738540363349747	0.6385871791955402	neither	K267	K267_nob1
Caenorhabditis elegans	None	JU2250	JU2250	C1	20170531	JU	48.285278	-1.891389	137.0	Rural_garden	Brittany	Rotting_nut/pod/seed/fruit	rotting fruit, apple	None	None	None	None	None	L. Frezal	L. Frezal	2012-11-15	None	Isolated by Lise Frézal from an apple collected in Cardroc (Ile et Vilaine, France;48.285278, -1.891389) on the 15 Nov 2012. L4 individual isolated on 19 Nov 2012	5	FALSE	None	TRUE	TRUE	-1.891389	48.285278	16.2148900292012	0.7671332305455287	neither	K267	K267_nob1
Caenorhabditis elegans	None	JU2257	JU2257	B13-5.5	20170531	JU	46.6	1.1	109.0	Rural_garden	Centre-Val de Loire	Compost	compost (in container)	None	None	None	None	None	M.-A. Felix	M.-A. Felix	2013-08-15	None	None	5	FALSE	None	TRUE	TRUE	1.1	46.6	12.1359632550213	0.7332537989038732	neither	K267	K267_nob1
Caenorhabditis elegans	None	JU2464	JU2464	Ag.Cal 2	20160408	JU	-13.155	-72.525	2073.0	None	Cusco	Rotting_nut/pod/seed/fruit	fleshy fruit; rotten berry?	None	None	None	None	None	L. Lokmane	L. Frezal	2013-01-01	None	From a rotting fleshy fruit collected by Ludmilla Lokmane in Aguas Calientes (Peru; -13.156022, -72.52402) in Jan 2013. Isolated by Lise Frézal from an adult isolated on 9 Jan 2013	2	FALSE	None	TRUE	TRUE	-72.525	-13.155	34.0637230310287	0.9153850504596827	neither	K267	K267_nob1
Caenorhabditis elegans	None	JU2466	JU2466	ollanta 3A1	20160408	JU	-13.257	-72.266	2867.0	None	Cusco	Rotting_nut/pod/seed/fruit	rotting fruit, lemon	None	None	None	None	None	L. Lokmane	L. Frezal	2013-01-01	None	From a rotting lemon collected by Ludmilla Lokmane in Ollanta (Peru; -13.266085, -72.179351) in Jan 2013. Isolated by Lise Frézal. Line started from an adult isolated on 9 Jan 2013	1	FALSE	None	TRUE	TRUE	-72.266	-13.257	1.34696727989686	0.6436407531548928	neither	K267	K267_nob1
Caenorhabditis elegans	None	JU2513	JU2513	G6.1	20160408	JU	38.26016	22.0736	1.0	None	Peloponnisos Dytiki Ellada ke Ionio	Rotting_nut/pod/seed/fruit	rotting orange	None	None	None	None	None	M.-A. Felix	M.-A. Felix	2013-05-07	None	Isolated from a rotting orange sampled by MAF near Aigio, Greece on 7 May 2013. 38.26016, 22.0736	2	FALSE	None	TRUE	TRUE	22.0736	38.26016	8.71618276555789	0.7048492146255645	neither	K267	K267_nob1
Caenorhabditis elegans	None	JU2522	JU2522	None	20160408	JU	38.7175	-9.1486	66.0	Botanical_garden_or_zoo	Lisbon	Rotting_nut/pod/seed/fruit	Isolated from rotten fruits of Harpephyllum caffrum (Anacardiaceae); botanical gardens	None	None	None	None	None	M.-A. Felix	M.-A. Felix	2013-08-25	None	Isolated from rotten fruits of Harpephyllum caffrum (Anacardiaceae) sampled on 25 Aug 2013 in the Botanical Garden of the University of Lisbon, Portugal. Plated on 26 Aug. Started from a young adult on 27 Aug. Same sample as JU2523. Same tree as JU775-7	2	FALSE	None	TRUE	TRUE	-9.1486	38.7175	2.48768515132577	0.6531155182799079	neither	K267E	K267E_nob1
Caenorhabditis elegans	None	JU2526	JU2526	L13-7.9	20160408	JU	38.7175	-9.1486	66.0	Botanical_garden_or_zoo	Lisbon	Rotting_nut/pod/seed/fruit	Isolated from rotten fruits of Chrysophyllum imperiale; botanical gardens	None	None	None	None	None	M.-A. Felix	M.-A. Felix	2013-08-25	None	Isolated from rotten fruits of Chrysophyllum imperiale sampled on 25 Aug 2013 in the Botanical Garden of the University of Lisbon, Portugal. Plated on 26 Aug. Started from a dauer juvenile on 26 Aug. Same sample as JU2524-5.	3	FALSE	None	TRUE	TRUE	-9.1486	38.7175	-1.87853215376061	0.6168498609367385	neither	K267D	K267D_nob1
Caenorhabditis elegans	None	JU2534	JU2534	None	20170531	JU	49.357921	0.097087	46.0	Rural_garden	Normandy	Rotting_nut/pod/seed/fruit	cherry	None	None	None	None	None	S. Marsh	S. Marsh	2013-06-09	None	None	4	FALSE	None	TRUE	TRUE	0.097087	49.357921	15.1758117693939	0.7585026806919953	neither	K267	K267_nob1
Caenorhabditis elegans	None	JU2565	JU2565	None	20170531	JU	44.958394	1.066213	215.0	Rural_garden	Nouvelle-Aquitaine	Rotting_nut/pod/seed/fruit	rotting fruit, figs	None	None	None	None	None	T. Belicard	L. Frezal	2013-10-05	None	None	4	FALSE	None	TRUE	TRUE	1.066213	44.958394	-1.12329155920147	0.6231228644773609	neither	K267	K267_nob1
Caenorhabditis elegans	None	JU2566	JU2566	parc5	20170531	JU	48.83886	2.44599	50.0	Botanical_garden_or_zoo	Ile-de-France	Rotting_stem	rotting Gunnera stems in the Parc Floral	None	None	None	None	None	M.-A. Felix	L. Frezal	2013-10-02	None	None	4	FALSE	None	TRUE	TRUE	2.44599	48.83886	12.8075712222742	0.738832152592537	neither	K267	K267_nob1
Caenorhabditis elegans	None	JU2570	JU2570	niort7.2	20170531	JU	46.2657	-0.2685	88.0	Agricultural_land	Nouvelle-Aquitaine	Rotting_nut/pod/seed/fruit	rotting walnuts	None	None	None	None	None	F. Besnard	L. Frezal	2013-11-13	None	None	5	FALSE	None	TRUE	TRUE	-0.2685	46.2657	21.8800470601281	0.8141878385329745	neither	K267	K267_nob1
Caenorhabditis elegans	None	JU2572	JU2572	i6-3	20170531	JU	48.81257	2.395372	34.0	Urban_garden	Ile-de-France	Rotting_stem	rotting Petasites stems	None	None	None	None	None	S. Marsh	S. Marsh	2013-10-01	None	None	5	FALSE	None	TRUE	TRUE	2.395372	48.81257	3.13178953154868	0.6584654280792179	neither	K267	K267_nob1
Caenorhabditis elegans	None	JU2575	JU2575	CR37.1	20170531	JU	49.0857	3.0707	58.0	Forest	Ile-de-France	Rotting_stem	rotting stem, Heracleum	None	None	None	None	None	M.-A. Felix, S. Marsh	M.-A. Felix	2013-10-26	None	Isolated from rotting Heracleum stem sampled by Sarah Marsh and MAF on 26 Oct 2013 near Crouy-sur-Ourcq (Seine-et-Marne), France. Isogenic line started from an adult isolated on 26 Oct. GPS 49.0857, 3.0707.	5	FALSE	None	TRUE	TRUE	3.0707	49.0857	7.0581267503421	0.6910774558920841	neither	K267	K267_nob1
Caenorhabditis elegans	None	JU2576	JU2576	CR38.1	20170531	JU	49.0861	3.072	58.0	Forest	Ile-de-France	Rotting_stem	rotting stem	None	None	None	None	None	M.-A. Felix, S. Marsh	M.-A. Felix	2013-10-26	None	None	5	FALSE	None	TRUE	TRUE	3.072	49.0861	-76.1444006026997	0	neither	Varnot267	varnot267_nob1
Caenorhabditis elegans	None	JU2578	JU2578	Bagn.3	20170531	JU	48.87613	2.4315	116.0	Botanical_garden_or_zoo	Ile-de-France	Compost	compost in the “jardin partagé”	None	None	None	None	None	M.-A. Felix	M.-A. Felix	2013-10-27	None	None	4	FALSE	None	TRUE	TRUE	2.4315	48.87613	9.35598205516833	0.7101633664838299	neither	K267	K267_nob1
Caenorhabditis elegans	None	JU2581	JU2581	B13_28.2	20170531	JU	46.6	1.1	109.0	Urban_garden	Centre-Val de Loire	Rotting_nut/pod/seed/fruit	pears sampled in the garden	None	None	None	None	None	M.-A. Felix	M.-A. Felix	2013-11-03	None	None	5	FALSE	None	TRUE	TRUE	1.1	46.6	21.3112967916252	0.8094638175074214	neither	K267	K267_b1
Caenorhabditis elegans	None	JU2586	JU2586	Poire3.1	20170531	JU	48.897	2.159	37.0	Urban_garden	Ile-de-France	Rotting_nut/pod/seed/fruit	rotting fruit, pear	None	None	None	None	None	A. Zalmanski	L. Frezal	2013-11-11	None	None	5	FALSE	None	TRUE	TRUE	2.159	48.897	-60.7952877689361	0.12748922640713622	neither	K267D	K267D_nob1
Caenorhabditis elegans	None	JU2587	JU2587	None	20170531	JU	45.026713	3.872016	661.0	Urban_garden	Auvergne-Rhone-Alpes	Compost	compost	None	None	None	None	None	A. Richaud	A. Richaud	2013-11-10	None	None	4	FALSE	None	TRUE	TRUE	3.872016	45.026713	-0.591505970108026	0.6275398580914057	neither	K267	K267_b1
Caenorhabditis elegans	None	JU2593	JU2593	OB1.4	20170531	JU	48.822556	2.222334	80.0	Urban_garden	Ile-de-France	Compost	compost	None	None	None	None	None	O. Bensaude	L. Frezal	2013-01-01	None	None	4	FALSE	None	TRUE	TRUE	2.222334	48.822556	29.083934178805	0.8740230880246713	neither	K267	K267_b1
Caenorhabditis elegans	None	JU2600	JU2600	S333.1	20170531	JU	49.1242	1.9496	57.0	Rural_garden	Ile-de-France	Rotting_nut/pod/seed/fruit	rotting fruit, apple	None	None	None	None	None	M.-A. Felix, S. Marsh	M.-A. Felix	2013-11-20	None	None	4	FALSE	None	TRUE	TRUE	1.9496	49.1242	6.93200419583056	0.6900298861021352	neither	K267	K267_nob1
Caenorhabditis elegans	None	JU2610	JU2610	Wy5.2	20170531	JU	49.1075	1.7915	130.0	Agricultural_land	Ile-de-France	Rotting_nut/pod/seed/fruit	rotting fruit, apple	None	None	None	None	None	M.-A. Felix, S. Marsh	M.-A. Felix	2013-11-20	None	None	5	FALSE	None	TRUE	TRUE	1.7915	49.1075	-5.24783025447503	0.5888645817191521	neither	K267	K267_nob1
Caenorhabditis elegans	None	JU2619	JU2619	SB01|SB13-1|SB13-01	20170531	JU	32.998352	-117.275428	21.0	Urban_garden	California	Compost	compost	None	None	None	None	None	S. Marsh	M.-A. Felix	2014-01-01	None	Isolated from compost from Solana Beach (32.998352, -117.275428), California by Sarah Marsh in January 2014.	5	FALSE	None	TRUE	TRUE	-117.275428	32.998352	-23.2094474810088	0.4396759797437509	neither	K267E	K267E_nob1
Caenorhabditis elegans	None	JU2800	JU2800	Ca4.1	20170531	JU	48.79	2.331	45.0	Urban_garden	Ile-de-France	Rotting_nut/pod/seed/fruit	rotting fruit, pear	None	None	None	None	None	M. Casado	M.-A. Felix	2014-09-01	None	None	4	FALSE	None	TRUE	TRUE	2.331	48.79	1.71994422945553	0.6467386874317411	neither	K267	K267_nob1
Caenorhabditis elegans	None	JU2811	JU2811	Syd2.2	20170531	JU	-33.8632	151.219453	5.0	Botanical_garden_or_zoo	New South Wales	Rotting_nut/pod/seed/fruit	rotting ficus fruit	None	None	None	None	None	S. Marsh	S. Marsh	2014-09-24	None	None	5	FALSE	None	TRUE	TRUE	151.219453	-33.8632	-8.59058532768779	0.5610997680150672	neither	K267E	K267E_nob1
Caenorhabditis elegans	None	JU2825	JU2825	MI-11-14-5.1	20170531	JU	48.8092	2.3862	42.0	None	Ile-de-France	Rotting_stem	rotting Petasites stem	None	None	None	None	None	R. Luallen	R. Luallen	2014-11-14	None	None	5	FALSE	None	TRUE	TRUE	2.3862	48.8092	-5.08254255716546	0.5902374558971477	neither	K267	K267_nob1
Caenorhabditis elegans	None	JU2829	JU2829	B10_6.2	20170531	JU	46.632	1.064	80.0	None	Centre-Val de Loire	Rotting_nut/pod/seed/fruit	rotting fruit, pears	None	None	None	None	None	M.-A. Felix	M.-A. Felix	2010-10-03	None	None	5	FALSE	None	TRUE	TRUE	1.064	46.632	17.6801294744777	0.7793034611902999	neither	K267	K267_b1
Caenorhabditis elegans	None	JU2838	JU2838	Puebla2	20170531	JU	20.205961	-97.98832	1302.0	None	Puebla	Rotting_nut/pod/seed/fruit	rotting fruit, orange	None	None	None	None	None	A. VargasVelazquez	A. VargasVelazquez	2015-01-01	None	1300 m elevation	5	FALSE	None	TRUE	TRUE	-97.98832	20.205961	-53.0810866100881	0.19156312753366903	neither	K267D	K267D_nob1
Caenorhabditis elegans	None	JU2841	JU2841	None	20170531	JU	-40.0	176.0	596.0	None	None	Mollusk	slug	None	None	None	None	None	M. Wilson	M. Wilson	2015-03-01	None	None	5	FALSE	None	TRUE	TRUE	176	-40	25.9176761863417	0.847724253268788	neither	K267	K267_nob1
Caenorhabditis elegans	None	JU2853	JU2853	Port1.1	20170531	JU	41.19	-7.545	82.0	None	Vila Real District	Soil	soil from a pot plant	None	None	None	None	None	M. Félix and B. Félix	M.-A. Felix	2015-05-01	None	None	5	FALSE	None	TRUE	TRUE	-7.545	41.19	22.8689629551848	0.8224017414345915	neither	K267	K267_nob1
Caenorhabditis elegans	None	JU2862	JU2862	Cam7.3	20170531	JU	52.1944	0.1264	16.0	Botanical_garden_or_zoo	England	Rotting_stem	rotting plant, lowers of Napoleona vogelli	None	None	None	None	None	M.-A. Felix	M.-A. Felix	2015-06-06	None	None	4	FALSE	None	TRUE	TRUE	0.1264	52.1944	-27.2374064615969	0.4062198849194783	neither	K267	K267_b1
Caenorhabditis elegans	None	JU2866	JU2866	U4.6	20170531	JU	34.0751	-118.4409	140.0	Botanical_garden_or_zoo	California	Rotting_nut/pod/seed/fruit	rotting fruit, unidentified	None	None	None	None	None	M.-A. Felix	M.-A. Felix	2015-06-28	None	None	4	FALSE	None	TRUE	TRUE	-118.4409	34.0751	5.86594472365362	0.6811752311859975	neither	K267	K267_nob1
Caenorhabditis elegans	None	JU2878	JU2878	Berry-Mexico	20170531	JU	19.29732	-99.098769	2234.0	Botanical_garden_or_zoo	Mexico City	Rotting_nut/pod/seed/fruit	rotten berry in greenhouse	None	None	None	None	None	A. VargasVelazquez	A. VargasVelazquez	2015-07-02	None	2400 m elevation	4	FALSE	None	TRUE	TRUE	-99.098769	19.29732	-48.7507023472489	0.2275311568063835	neither	K267D	K267D_nob1
Caenorhabditis elegans	None	JU2879	JU2879	Apple-Mexico	20170531	JU	19.29732	-99.098769	2234.0	Botanical_garden_or_zoo	Mexico City	Rotting_nut/pod/seed/fruit	rotting fruit, apple in green house	None	None	None	None	None	A. VargasVelazquez	A. VargasVelazquez	2015-07-02	None	2400 m elevation	4	FALSE	None	TRUE	TRUE	-99.098769	19.29732	-18.8281259392457	0.4760670923800202	neither	K267D	K267D_nob1
Caenorhabditis elegans	None	JU2906	JU2906	F10.3	20170531	JU	43.8023	11.2806	89.0	Urban_garden	Tuscany	Rotting_stem	rotting stems	None	None	None	None	None	M.-A. Felix	M.-A. Felix	2015-12-13	None	None	4	FALSE	None	TRUE	TRUE	11.2806	43.8023	18.8660535877222	0.7891537078731266	neither	K267	K267_nob1
Caenorhabditis elegans	None	JU2907	JU2907	F13.2	20170531	JU	43.8021	11.2906	167.0	Rural_garden	Tuscany	Compost	Isolated from a heap (rotting leaves, acorns, horse chestnuts, moss)	None	None	None	None	None	M.-A. Felix	M.-A. Felix	2015-12-13	None	None	5	FALSE	None	TRUE	TRUE	11.2906	43.8021	20.9236851488907	0.8062443279503494	neither	K267	K267_nob1
Caenorhabditis elegans	None	JU310	JU310	LB14.10	20160408	JU	46.63	1.06	97.0	Rural_garden	Centre	Compost	compost heap	None	None	None	None	None	M.-A. Felix	M.-A. Felix	2002-08-25	None	Le Blanc, Indre, France - vegetable garden compost pile, 25 Aug 02.	2	FALSE	None	TRUE	TRUE	1.06	46.63	41.9101621512228	0.9805573157442133	neither	K267	K267_nob1
Caenorhabditis elegans	None	JU311	JU311	F5.1	20160408	JU	44.42	4.4	147.0	Rural_garden	Rhone-Alpes	Mollusk	live mollusk, snails	None	None	None	None	None	M.-A. Felix	M.-A. Felix	2002-09-08	None	Merlet, Lagorce (Ardèche), France. 8 Sep 02. Wash from snail tube - snails coming from under a tree full of ivy	1	FALSE	None	TRUE	TRUE	4.4	44.42	9.30149566380968	0.7097108043091125	neither	K267	K267_nob1
Caenorhabditis elegans	None	JU3125	JU3125	S7.1	20170531	JU	38.1127	13.3722	11.0	Botanical_garden_or_zoo	Sicily	Rotting_nut/pod/seed/fruit	rotting fruit, oranges	None	None	None	None	None	M.-A. Felix	M.-A. Felix	2016-04-20	None	None	4	FALSE	None	TRUE	TRUE	13.3722	38.1127	-14.301101735638	0.5136684065338111	neither	K267E	K267E_b1
Caenorhabditis elegans	None	JU3127	JU3127	S9.1	20170531	JU	38.11196	13.37274	11.0	Botanical_garden_or_zoo	Sicily	Rotting_nut/pod/seed/fruit	rotting fruit, banana stems	None	None	None	None	None	M.-A. Felix	M.-A. Felix	2016-04-20	None	None	4	FALSE	None	TRUE	TRUE	13.37274	38.11196	-5.21876009729852	0.5891060374886228	neither	K267E	K267E_nob1
Caenorhabditis elegans	None	JU3128	JU3128	S18.1	20170531	JU	37.076	15.2763	13.0	Urban_garden	Sicily	Rotting_nut/pod/seed/fruit	rotting fruit, oranges	None	None	None	None	None	M.-A. Felix	M.-A. Felix	2016-04-23	None	None	5	FALSE	None	TRUE	TRUE	15.2763	37.076	38.4534743708139	0.9518461807210906	neither	K267	K267_nob1
Caenorhabditis elegans	None	JU3132	JU3132	O695.1	20170531	JU	48.7015	2.1725	65.0	Rural_garden	Ile-de-France	Rotting_nut/pod/seed/fruit	rotting fruit, apple	None	None	None	None	None	M.-A. Felix	M.-A. Felix	2011-10-10	None	None	5	FALSE	None	TRUE	TRUE	2.1725	48.7015	-7.36986891516009	0.5712389983915171	neither	K267E	K267E_nob1
Caenorhabditis elegans	None	JU3134	JU3134	O949.1	20170531	JU	48.7015	2.1725	65.0	Rural_garden	Ile-de-France	Rotting_nut/pod/seed/fruit	rotting fruit, apple	None	None	None	None	None	M.-A. Felix	M.-A. Felix	2011-11-11	None	None	4	FALSE	None	TRUE	TRUE	2.1725	48.7015	22.517217027711	0.8194801513289502	neither	K267	K267_nob1
Caenorhabditis elegans	None	JU3135	JU3135	O1126.8	20170531	JU	48.7015	2.1725	65.0	Rural_garden	Ile-de-France	Rotting_nut/pod/seed/fruit	rotting fruit, apple	None	None	None	None	None	M.-A. Felix	M.-A. Felix	2013-10-29	None	None	4	FALSE	None	TRUE	TRUE	2.1725	48.7015	-22.6312900387528	0.44447813644512113	neither	K267	K267_b1
Caenorhabditis elegans	None	JU3137	JU3137	O1183.5	20170531	JU	48.7015	2.1725	65.0	Rural_garden	Ile-de-France	Rotting_nut/pod/seed/fruit	rotting fruit, apple	None	None	None	None	None	M.-A. Felix	M.-A. Felix	2014-10-20	None	None	4	FALSE	None	TRUE	TRUE	2.1725	48.7015	3.60208929722093	0.6623717224660259	neither	K267	K267_nob1
Caenorhabditis elegans	None	JU3140	JU3140	P142.14	20170531	JU	48.71	-3.81	28.0	Rural_garden	Brittany	Rotting_stem	rotting stems	None	None	None	None	None	M.-A. Felix	M.-A. Felix	2009-08-09	None	None	4	FALSE	None	TRUE	TRUE	-3.81	48.71	24.4004287573539	0.83512204602171	neither	K267	K267_nob1
Caenorhabditis elegans	None	JU3144	JU3144	C3.4	20170531	JU	6.18	10.52	2736.0	Forest	Northwest	Vegetal_litter/mix	rotting leaves	None	None	None	None	None	J. David	M.-A. Felix	2016-05-01	None	None	5	FALSE	None	TRUE	TRUE	10.52	6.18	-22.3137850471763	0.44711532246328967	neither	K267E	K267E_nob1
Caenorhabditis elegans	None	JU323	JU323	D3.1	20160408	JU	44.42	4.4	147.0	Rural_garden	Rhone-Alpes	None	None	None	None	None	None	None	M.-A. Felix	M.-A. Felix	2002-09-08	None	Merlet, Lagorce (Ardèche), France. 8 Sep 02. From a Helix snail #3 on the trunk of a mulberry tree (not the same snail as JU322).	1	FALSE	None	TRUE	TRUE	4.4	44.42	9.51784795010192	0.7115078192838243	neither	K267	K267_nob1
Caenorhabditis elegans	None	JU346	JU346	G1.5	20160408	JU	44.42	4.4	147.0	Rural_garden	Languedoc-Roussillon	Arthropod	live arthropod, Glomeris	None	None	None	None	None	M.-A. Felix	M.-A. Felix	2002-09-08	None	Merlet, Lagorce (Ardèche), France. 8 Sep 02. From a Glomeris myriapod in the compost pile (same myriapod as JU342, JU343, JU344).	1	FALSE	None	TRUE	TRUE	4.4	44.42	-7.10251932302717	0.5734595953113804	neither	K267	K267_b1
Caenorhabditis elegans	None	JU360	JU360	PB1.2	20160408	JU	48.98	2.23	95.0	Urban_garden	Ile-de-France	Compost	compost heap	None	None	None	None	None	C. Pieau	M.-A. Felix	2002-09-16	None	Franconville (Val d’Oise), France. Compost heap in Claude Pieau’s garden, 16 Sept 02.	1	FALSE	None	TRUE	TRUE	2.23	48.98	6.03739899388823	0.6825993247159068	neither	K267D	K267D_b1
Caenorhabditis elegans	None	JU367	JU367	PB3.1	20160408	JU	48.98	2.23	95.0	Urban_garden	Ile-de-France	Compost	compost heap	None	None	None	None	None	C. Pieau	M.-A. Felix	2002-09-16	None	Franconville (Val d’Oise), France. Compost heap in Claude Pieau’s garden, 16 Sept 02.	2	FALSE	None	TRUE	TRUE	2.23	48.98	-17.5602700065104	0.4865978620610252	neither	K267	K267_nob1
Caenorhabditis elegans	None	JU393	JU393	HC1.2	20160408	JU	49.28	-0.32	16.0	Rural_garden	Basse-Normandie	Compost	compost heap	None	None	None	None	None	A. Barriere	A. Barriere	2002-09-01	None	Hermanville (Calvados), France - compost pile, Sep 02.	2	FALSE	None	TRUE	TRUE	-0.32	49.28	5.95123117795942	0.6818836176706244	neither	K267E	K267E_nob1
Caenorhabditis elegans	None	JU394	JU394	HC2.1	20160408	JU	49.28	-0.32	16.0	Rural_garden	Basse-Normandie	Compost	compost heap	None	None	None	None	None	A. Barriere	A. Barriere	2002-09-01	None	Hermanville (Calvados), France - compost pile, Sep 02.	2	FALSE	None	TRUE	TRUE	-0.32	49.28	5.99252128730342	0.6822265719609176	neither	K267	K267_nob1
Caenorhabditis elegans	None	JU397	JU397	HC6.1	20160408	JU	49.28	-0.32	16.0	Rural_garden	Basse-Normandie	Compost	compost heap	None	None	None	None	None	A. Barriere	A. Barriere	2002-09-01	None	Hermanville (Calvados), France - compost pile, Sep 02.	3	FALSE	None	TRUE	TRUE	-0.32	49.28	39.4293481742246	0.9599517564384147	neither	K267	K267_nob1
Caenorhabditis elegans	None	JU406	JU406	compost4	20160408	JU	49.28	-0.32	16.0	Rural_garden	Basse-Normandie	Compost	compost heap	None	None	None	None	None	A. Barriere	A. Barriere	2002-12-30	None	Hermanville (Calvados), France - compost pile - isolated 30 Dec 02.	2	FALSE	None	TRUE	TRUE	-0.32	49.28	13.8714117969994	0.7476683774194139	neither	K267	K267_nob1
Caenorhabditis elegans	None	JU440	JU440	None	20160408	JU	48.715	1.56	133.0	Rural_garden	Centre	Compost	compost heap	None	None	None	None	None	D. Baïlle	M.-A. Felix	2003-09-12	None	From Beauchêne (Eure & Loir -France) in the compost pile, 12 Sep 03.	1	FALSE	None	TRUE	TRUE	1.56	48.715	7.12924844536524	0.6916681903519494	neither	K267	K267_nob1
Caenorhabditis elegans	None	JU561	JU561	P9cl1	20160408	JU	48.71	-3.81	28.0	Rural_garden	Bretagne	Arthropod	live arthropod, isopod	None	None	None	None	None	M.-A. Felix	M.-A. Felix	2004-10-03	None	Isolated from a sowbug found in the tube of compost from Hent ar Rhun, Finistère, France, on 3 Oct O4. Picked on 4 Oct 04.	3	FALSE	None	TRUE	TRUE	-3.81	48.71	38.3303170354687	0.9508232399440195	neither	K267	K267_nob1
Caenorhabditis elegans	None	JU642	JU642	None	20160408	JU	48.84	2.5	47.0	Urban_garden	Ile-de-France	Compost	compost heap in Jean-Antoine Lepesant’s garden	None	None	None	None	None	J.-A. Lepesant	M.-A. Felix	2004-12-14	None	None	3	FALSE	None	TRUE	TRUE	2.5	48.84	29.9687820981805	0.8813726057427899	neither	K267	K267_nob1
Caenorhabditis elegans	None	JU751	JU751	JA VI 2.1	20160408	JU	48.84	2.5	47.0	Urban_garden	Ile-de-France	Compost	compost heap in Jean-Antoine Lepesant’s garden	None	None	None	None	None	J.-A. Lepesant	M.-A. Felix	2005-06-08	None	None	3	FALSE	None	TRUE	TRUE	2.5	48.84	-26.949681080455	0.4086097224727465	neither	K267E	K267E_b1
Caenorhabditis elegans	None	JU774	JU774	P6P2	20160408	JU	38.683	-9.34	16.0	Urban_garden	Lisbon	Compost	garden garbage left on pavement	None	None	None	None	None	M.-A. Felix	M.-A. Felix	2005-07-10	None	None	1	FALSE	None	TRUE	TRUE	-9.34	38.683	-28.8636310110977	0.39271251729337736	neither	K267D	K267D_nob1
Caenorhabditis elegans	None	JU775	JU775	P8D1	20160408	JU	38.7175	-9.1486	66.0	Botanical_garden_or_zoo	Lisbon	Rotting_nut/pod/seed/fruit	red fruits rottening on the ground below a tree	None	None	None	None	None	M.-A. Felix	M.-A. Felix	2005-07-10	None	Isolated in the Botanical Garden, Lisbon, Portugal	D	FALSE	None	TRUE	TRUE	-9.1486	38.7175	-23.4989023661298	0.4372717769873109	neither	K267D	K267D_nob1
Caenorhabditis elegans	None	JU778	JU778	P12B4	20160408	JU	38.719	-9.1491	62.0	Botanical_garden_or_zoo	Lisbon	Rotting_nut/pod/seed/fruit	fruits rottening on the ground below a Ficus isophlebia tree	None	None	None	None	None	M.-A. Felix	M.-A. Felix	2005-07-10	None	Isolated in the Botanical Garden, Lisbon, Portugal	2	FALSE	None	TRUE	TRUE	-9.1491	38.719	17.1088751449166	0.7745586415159492	neither	K267	K267_nob1
Caenorhabditis elegans	None	JU792	JU792	F2A1	20160408	JU	43.06	0.24	487.0	Rural_garden	Midi-Pyrenees	Compost	compost heap  at the bottom of a garden	None	None	None	None	None	M.-A. Felix	M.-A. Felix	2005-08-31	None	None	2	FALSE	None	TRUE	TRUE	0.24	43.06	22.6045772752789	0.820205762672211	neither	K267	K267_nob1
Caenorhabditis elegans	None	JU830	JU830	T2A2	20160408	JU	48.52	9.05	339.0	Urban_garden	Baden-Wurttemberg	Compost	Compost heap of Ray Hong	None	None	None	None	None	R. Hong	M.-A. Felix	2005-09-28	None	None	1	FALSE	None	TRUE	TRUE	9.05	48.52	-4.88297711425237	0.5918950399028253	neither	K267	K267_b1
Caenorhabditis elegans	None	JU847	JU847	O6A1	20160408	JU	48.46	7.461	226.0	Agricultural_land	Alsace-Champagne-Ardenne-Lorraine	Compost	compost heap in vegetable gardens/vineyards	None	None	None	None	None	M.-A. Felix	M.-A. Felix	2005-10-03	None	Plated 4 Oct, picked as adult on 4 Oct .	2	FALSE	None	TRUE	TRUE	7.461	48.46	38.3507490735819	0.9509929477806343	neither	K267	K267_nob1
Caenorhabditis elegans	None	KR314	KR314	None	20160408	CGC	49.28	-123.13	39.0	Urban_garden	British Columbia	Rotting_nut/pod/seed/fruit	decaying avocado	None	None	None	None	None	F. Dill	F. Dill	1984-05-01	None	None	1	FALSE	None	TRUE	TRUE	-123.13	49.28	3.33668894405803	0.6601673158609425	neither	K267	K267_b1
Caenorhabditis elegans	None	LKC34	LKC34	None	20160408	CGC	-18.0	46.0	686.0	None	Antananarivo Province	Rotting_nut/pod/seed/fruit	rotting seed, Dypsis baronii	None	None	None	None	None	V. Stowell	V. Stowell	2005-06-17	None	None	D	FALSE	None	TRUE	TRUE	46	-18	38.8977956734768	0.9555366988485031	neither	K267	K267_nob1
Caenorhabditis elegans	None	MY1	MY1	None	20160408	MY	52.54	7.31	36.0	Urban_garden	Niedersachsen	Compost	compost heap	None	None	None	None	None	H. Schulenburg	H. Schulenburg	2002-07-01	None	None	1	FALSE	None	TRUE	TRUE	7.31	52.54	-0.52345753439856	0.6281050661604827	neither	K267	K267_nob1
Caenorhabditis elegans	None	MY10	MY10	None	20160408	CGC	51.96	7.53	74.0	Urban_garden	Nordrhein-Westfalen	Compost	compost heap	None	None	None	None	None	H. Schulenburg	H. Schulenburg	2002-07-01	None	None	2	FALSE	None	TRUE	TRUE	7.53	51.96	-30.9246339750937	0.37559389445514535	neither	K267E	K267E_nob1
Caenorhabditis elegans	None	MY16	MY16	None	20160408	CGC	51.93	7.57	61.0	Urban_garden	North Rhine-Westphalia	Compost	compost heap	None	None	None	None	None	H. Schulenburg	H. Schulenburg	2002-07-01	None	None	D	FALSE	None	TRUE	TRUE	7.57	51.93	5.16994902983419	0.6753943138425174	neither	K267D	K267D_b1
Caenorhabditis elegans	None	MY18	MY18	None	20160408	CGC	51.96	7.53	74.0	Urban_garden	North Rhine-Westphalia	Compost	compost heap	None	None	None	None	None	H. Schulenburg	H. Schulenburg	2002-07-01	None	None	2	FALSE	None	TRUE	TRUE	7.53	51.96	12.2244690945548	0.7339889254963249	neither	K267D	K267D_b1
Caenorhabditis elegans	None	MY2212	MY2212	None	20170531	MY	54.346355	10.117737	26.0	Botanical_garden_or_zoo	Schleswig-Holstein	Arthropod	Isopod	None	None	None	None	None	C. Petersen	C. Petersen	2012-09-26	None	None	4	FALSE	None	TRUE	TRUE	10.117737	54.346355	27.1631157139152	0.8580688330257329	neither	K267	K267_nob1
Caenorhabditis elegans	None	MY23	MY23	None	20160408	CGC	51.96	7.53	74.0	Urban_garden	Nordrhein-Westfalen	Compost	compost heap	None	None	None	None	None	H. Schulenburg	H. Schulenburg	2002-07-01	None	None	D	FALSE	None	TRUE	TRUE	7.53	51.96	6.35784992782088	0.6852609796344015	neither	K267D	K267D_b1
Caenorhabditis elegans	None	MY2453	MY2453	None	20170531	MY	51.950777	7.536628	71.0	Rural_garden	North Rhine-Westphalia	Compost	compost heap	None	None	None	None	None	C. Petersen	C. Petersen	2012-11-07	None	None	4	FALSE	None	TRUE	TRUE	7.536628	51.950777	21.6103250252742	0.8119475361818937	neither	K267	K267_b1
Caenorhabditis elegans	None	MY2530	MY2530	None	20170531	MY	54.346355	10.117737	26.0	Botanical_garden_or_zoo	Schleswig-Holstein	Compost	compost heap	None	None	None	None	None	C. Petersen	C. Petersen	2012-12-05	None	None	4	FALSE	None	TRUE	TRUE	10.117737	54.346355	5.08127634051017	0.6746578014011929	neither	K267	K267_nob1
Caenorhabditis elegans	None	MY2535	MY2535	None	20170531	MY	51.950723	7.599099	65.0	Rural_garden	North Rhine-Westphalia	Compost	compost heap	None	None	None	None	None	C. Petersen	C. Petersen	2012-12-05	None	None	4	FALSE	None	TRUE	TRUE	7.599099	51.950723000000004	10.9102988444784	0.72307347061863525	neither	K267	K267_nob1
Caenorhabditis elegans	None	MY2573	MY2573	None	20170531	MY	51.950723	7.599099	65.0	Rural_garden	North Rhine-Westphalia	Compost	compost heap	None	None	None	None	None	C. Petersen	C. Petersen	2012-12-10	None	None	4	FALSE	None	TRUE	TRUE	7.599099	51.950723000000004	5.17917209370249	0.6754709203076863	neither	K267	K267_nob1
Caenorhabditis elegans	None	MY2585	MY2585	None	20170531	MY	54.346355	10.117737	26.0	Botanical_garden_or_zoo	Schleswig-Holstein	Compost	compost heap	None	None	None	None	None	C. Petersen	C. Petersen	2012-12-10	None	None	5	FALSE	None	TRUE	TRUE	10.117737	54.346355	22.5299930854095	0.8195862688440246	neither	K267	K267_nob1
Caenorhabditis elegans	None	MY2693	MY2693	None	20170531	MY	54.3491	10.11505	25.0	Botanical_garden_or_zoo	Schleswig-Holstein	Mollusk	slug	None	None	None	None	None	R. Hermann	R. Hermann	2013-08-15	None	None	4	FALSE	None	TRUE	TRUE	10.11505	54.3491	21.9961020319082	0.8151517873118512	neither	K267	K267_nob1
Caenorhabditis elegans	None	MY2741	MY2741	None	20170531	MY	54.3491	10.11505	25.0	Botanical_garden_or_zoo	Schleswig-Holstein	Mollusk	slug	None	None	None	None	None	C. Petersen	C. Petersen	2014-09-01	None	None	4	FALSE	None	TRUE	TRUE	10.11505	54.3491	-39.7106082294112	0.30261788124531214	neither	K267D	K267D_nob1
Caenorhabditis elegans	None	MY518	MY518	None	20170531	MY	51.964154	7.611719	60.0	Botanical_garden_or_zoo	North Rhine-Westphalia	Compost	compost  heap	None	None	None	None	None	C. Petersen	C. Petersen	2011-07-08	None	None	5	FALSE	None	TRUE	TRUE	7.611719	51.964154	12.0618691021524	0.732638375306897	neither	K267	K267_b1
Caenorhabditis elegans	None	MY679	MY679	None	20170531	MY	54.346355	10.117737	26.0	Botanical_garden_or_zoo	Schleswig-Holstein	Compost	compost heap	None	None	None	None	None	C. Petersen	C. Petersen	2011-09-27	None	None	4	FALSE	None	TRUE	TRUE	10.117737	54.346355	20.0511394178576	0.7989969918040177	neither	K267	K267_b1
Caenorhabditis elegans	None	MY772	MY772	None	20170531	MY	54.346355	10.117737	26.0	Botanical_garden_or_zoo	Schleswig-Holstein	Compost	compost heap	None	None	None	None	None	C. Petersen	C. Petersen	2011-09-27	None	None	5	FALSE	None	TRUE	TRUE	10.117737	54.346355	2.17760000536252	0.6505399612553848	neither	K267	K267_nob1
Caenorhabditis elegans	None	MY920	MY920	None	20170531	MY	54.346355	10.117737	26.0	Botanical_garden_or_zoo	Schleswig-Holstein	Compost	compost heap	None	None	None	None	None	C. Petersen	C. Petersen	2012-01-18	None	None	4	FALSE	None	TRUE	TRUE	10.117737	54.346355	-0.424738327132356	0.6289250246494325	neither	K267	K267_nob1
Caenorhabditis elegans	None	N2	N2	N2_HRH|N2_HRH|N2	20160408	MT	51.45	-2.59	9.0	Urban_garden	England	Compost	mushroom compost	None	None	None	None	None	W. Nicholas	W. Nicholas	2051-01-01	None	Maintained by E.C. Dougherty in axenic media until sent to S. Brenner in 1964. Frozen in 1969.	D	FALSE	None	TRUE	TRUE	-2.59	51.45	-4.08912288923686	0.598488766988122	N2	K267	K267_nob1
Caenorhabditis elegans	None	NIC1	NIC1	None	20160408	NIC	43.279	5.3543	13.0	None	Provence-Alpes-Cote d Azur	Rotting_nut/pod/seed/fruit	rotting fruit	None	None	None	None	None	C. Braendle	C. Braendle	2008-09-14	None	None	1	FALSE	None	TRUE	TRUE	5.3543	43.279	30.5985100757075	0.886603105614108	neither	K267	K267_nob1
Caenorhabditis elegans	None	NIC1049	NIC1049	4	20170531	NIC	43.593561	1.45032	145.0	Botanical_garden_or_zoo	Occitanie	Compost	Compost fresh	None	None	None	None	None	C. Braendle	C. Braendle	2014-10-14	None	None	5	FALSE	None	TRUE	TRUE	1.45032	43.593561	2.60012383689786	0.6540494303044707	neither	K267	K267_nob1
Caenorhabditis elegans	None	NIC1107	NIC1107	1	20170531	NIC	43.716278	7.266935	41.0	Botanical_garden_or_zoo	Provence-Alpes-Cote d Azur	Rotting_nut/pod/seed/fruit	Gingko fruits	None	None	None	None	None	A. Vielle, P. Vigne	C. Braendle	2014-11-25	None	None	4	FALSE	None	TRUE	TRUE	7.266935	43.716278	10.2244535793085	0.7173768624016984	neither	K267	K267_b1
Caenorhabditis elegans	None	NIC166	NIC166	None	20160408	NIC	46.72722	6.89775	687.0	Rural_garden	Vaud	Rotting_nut/pod/seed/fruit	immature prunes	None	None	None	None	None	C. Braendle	C. Braendle	2007-07-27	None	None	2	FALSE	None	TRUE	TRUE	6.89775	46.72722	22.8631710895763	0.8223536343893258	neither	K267	K267_nob1
Caenorhabditis elegans	None	NIC195	NIC195	None	20160408	NIC	38.545874	-28.37322	119.0	Rural_garden	Azores	Rotting_nut/pod/seed/fruit	apple	None	None	None	None	None	D. Bourc’his, J. Dumont	D. Bourc’his, J. Dumont	2011-08-22	None	None	2	FALSE	None	TRUE	TRUE	-28.37322	38.545874	-7.89735752909002	0.5668576953118648	neither	K267E	K267E_nob1
Caenorhabditis elegans	None	NIC199	NIC199	None	20160408	NIC	37.745428	-25.19929	26.0	Rural_garden	Azores	Rotting_nut/pod/seed/fruit	hummus	None	None	None	None	None	D. Bourc’his, J. Dumont	D. Bourc’his, J. Dumont	2011-03-09	None	None	1	FALSE	None	TRUE	TRUE	-25.19929	37.745428	4.11035987368142	0.6665934011584854	neither	K267E	K267E_nob1
Caenorhabditis elegans	None	NIC2	NIC2	None	20160408	NIC	43.279	5.3543	13.0	Urban_garden	Provence-Alpes-Cote d Azur	Rotting_stem	rotting plant	None	None	None	None	None	C. Braendle	C. Braendle	2008-09-14	None	None	1	FALSE	None	TRUE	TRUE	5.3543	43.279	6.64085219348411	0.6876115871458341	neither	K267	K267_nob1
Caenorhabditis elegans	None	NIC207	NIC207	None	20160408	NIC	43.720505	7.24045	198.0	Rural_garden	Provence-Alpes-Cote d Azur	Rotting_nut/pod/seed/fruit	rotting oranges	None	None	None	None	None	C. Braendle	C. Braendle	2011-09-21	None	None	2	FALSE	None	TRUE	TRUE	7.24045	43.720505	17.5227924645727	0.7779966251604106	neither	K267	K267_nob1
Caenorhabditis elegans	None	NIC231	NIC231	None	20160408	NIC	43.720505	7.24045	198.0	Rural_garden	Provence-Alpes-Cote d Azur	Rotting_nut/pod/seed/fruit	rotting oranges	None	None	None	None	None	C. Braendle	C. Braendle	2011-11-14	None	None	3	FALSE	None	TRUE	TRUE	7.24045	43.720505	24.8333069272213	0.8387175178644564	neither	K267	K267_nob1
Caenorhabditis elegans	None	NIC236	NIC236	None	20160408	NIC	39.242006	-9.313417	14.0	Rural_garden	Lisboa	Rotting_nut/pod/seed/fruit	rotting fruit	None	None	None	None	None	C. Braendle	C. Braendle	2011-11-26	None	None	2	FALSE	None	TRUE	TRUE	-9.313417	39.242006	10.3059248494916	0.7180535600924733	neither	K267	K267_nob1
Caenorhabditis elegans	None	NIC251	NIC251	None	20160408	NIC	38.66621	-28.151364	223.0	Rural_garden	Azores	Rotting_nut/pod/seed/fruit	Rotting yellow berries from shrub	None	None	None	None	None	S. Carvalho	S. Carvalho	2012-08-01	None	Isolated in the Azores, on the island of São Jorge	2	FALSE	None	TRUE	TRUE	-28.151364	38.66621	-4.43610283763281	0.5956067629479614	neither	K267E	K267E_nob1
Caenorhabditis elegans	None	NIC252	NIC252	None	20160408	NIC	38.661313	-28.147949	224.0	Rural_garden	Azores	Rotting_nut/pod/seed/fruit	Rotting fruit (?) from Camelia.	None	None	None	None	None	S. Carvalho	S. Carvalho	2012-08-01	None	Isolated in the Azores, on the island of São Jorge	1	FALSE	None	TRUE	TRUE	-28.147949	38.661313	-9.39112553841423	0.5544505073523391	neither	K267E	K267E_nob1
Caenorhabditis elegans	None	NIC255	NIC255	None	20160408	NIC	43.714834	7.266779	58.0	Urban_garden	Provence-Alpes-Cote d Azur	Rotting_nut/pod/seed/fruit	isolated from a rotting orange trap (trap set date: 10.27.2012)	None	None	None	None	None	C. Braendle	C. Braendle	2012-11-18	None	Isolated in Parc de Valrose	2	FALSE	None	TRUE	TRUE	7.266779	43.714834	9.97988169033203	0.7153454563351567	neither	K267	K267_nob1
Caenorhabditis elegans	None	NIC256	NIC256	None	20160408	NIC	38.71829	-9.14875	57.0	Botanical_garden_or_zoo	Lisbon Metropolitan Area	Rotting_nut/pod/seed/fruit	fruits palm tree (olive size)	None	None	None	None	None	C. Braendle	C. Braendle	2012-12-02	None	None	1	FALSE	None	TRUE	TRUE	-9.14875	38.71829	-31.1575605834655	0.3736592137063247	neither	K267D	K267D_nob1
Caenorhabditis elegans	None	NIC258	NIC258	None	20160408	NIC	38.71829	-9.14875	57.0	Botanical_garden_or_zoo	Lisbon Metropolitan Area	Rotting_nut/pod/seed/fruit	fruits palm tree (large)	None	None	None	None	None	C. Braendle	C. Braendle	2012-12-02	None	None	3	FALSE	None	TRUE	TRUE	-9.14875	38.71829	-28.874918365413	0.3926187648996445	neither	K267D	K267D_nob1
Caenorhabditis elegans	None	NIC259	NIC259	None	20160408	NIC	38.71829	-9.14875	57.0	Botanical_garden_or_zoo	Lisbon Metropolitan Area	Rotting_nut/pod/seed/fruit	fruits, Opuntia-like plant	None	None	None	None	None	C. Braendle	C. Braendle	2012-12-02	None	None	3	FALSE	None	TRUE	TRUE	-9.14875	38.71829	19.6650686005966	0.7957903002926552	neither	K267	K267_nob1
Caenorhabditis elegans	None	NIC260	NIC260	None	20160408	NIC	38.71829	-9.14875	57.0	Botanical_garden_or_zoo	Lisbon Metropolitan Area	Rotting_nut/pod/seed/fruit	fruits, osage orange (Maclura pomifera)	None	None	None	None	None	C. Braendle	C. Braendle	2012-12-02	None	None	1	FALSE	None	TRUE	TRUE	-9.14875	38.71829	-31.1038546200119	0.3741052936725288	neither	K267D	K267D_nob1
Caenorhabditis elegans	None	NIC261	NIC261	None	20160408	NIC	38.71829	-9.14875	57.0	Botanical_garden_or_zoo	Lisbon Metropolitan Area	Rotting_nut/pod/seed/fruit	fruits, Silene sp.?	None	None	None	None	None	C. Braendle	C. Braendle	2012-12-02	None	None	1	FALSE	None	TRUE	TRUE	-9.14875	38.71829	-25.9369193385837	0.41702168819378144	neither	K267D	K267D_nob1
Caenorhabditis elegans	None	NIC262	NIC262	None	20160408	NIC	38.71829	-9.14875	57.0	Botanical_garden_or_zoo	Lisbon Metropolitan Area	Rotting_flower	Strelitzia flower (inside)	None	None	None	None	None	C. Braendle	C. Braendle	2012-12-02	None	None	3	FALSE	None	TRUE	TRUE	-9.14875	38.71829	-32.9155803125909	0.3590571596526427	neither	K267D	K267D_nob1
Caenorhabditis elegans	None	NIC266	NIC266	None	20160408	NIC	38.69237	-9.31592	5.0	Urban_garden	Lisbon Metropolitan Area	Rotting_flower	flowers (grapes) from tree	None	None	None	None	None	C. Braendle	C. Braendle	2012-12-07	None	Isolated in Jardim do Palacio do Marques de Pombal	2	FALSE	None	TRUE	TRUE	-9.31592	38.69237	-44.1845451616612	0.26545750822152403	neither	K267D	K267D_nob1
Caenorhabditis elegans	None	NIC267	NIC267	None	20160408	NIC	38.69237	-9.31592	5.0	Urban_garden	Lisbon Metropolitan Area	Rotting_nut/pod/seed/fruit	Orange fruits	None	None	None	None	None	C. Braendle	C. Braendle	2012-12-07	None	Isolated in Jardim do Palacio do Marques de Pombal	3	FALSE	None	TRUE	TRUE	-9.31592	38.69237	22.7545572765966	0.8214514916307261	neither	K267	K267_nob1
Caenorhabditis elegans	None	NIC268	NIC268	None	20160408	NIC	38.69237	-9.31592	5.0	Urban_garden	None	Rotting_nut/pod/seed/fruit	Orange fruits	None	None	None	None	None	C. Braendle	C. Braendle	2012-12-07	None	Isolated in Jardim do Palacio do Marques de Pombal	3	FALSE	None	TRUE	TRUE	-9.31592	38.69237	-40.3783859168162	0.29707134173509764	neither	K267D	K267D_nob1
Caenorhabditis elegans	None	NIC269	NIC269	None	20160408	NIC	38.69237	-9.31592	5.0	Urban_garden	Lisbon Metropolitan Area	Rotting_nut/pod/seed/fruit	Orange fruits	None	None	None	None	None	C. Braendle	C. Braendle	2012-12-07	None	Isolated in Jardim do Palacio do Marques de Pombal	3	FALSE	None	TRUE	TRUE	-9.31592	38.69237	-3.94068685961986	0.5997216717684681	neither	K267	K267_nob1
Caenorhabditis elegans	None	NIC271	NIC271	None	20160408	NIC	38.69237	-9.31592	5.0	Urban_garden	Lisbon Metropolitan Area	Rotting_nut/pod/seed/fruit	Magnolia fruits (woody)	None	None	None	None	None	C. Braendle	C. Braendle	2012-12-07	None	Isolated in Jardim do Palacio do Marques de Pombal	2	FALSE	None	TRUE	TRUE	-9.31592	38.69237	-32.048993636197	0.36625500008711814	neither	K267D	K267D_nob1
Caenorhabditis elegans	None	NIC272	NIC272	None	20160408	NIC	39.769459	-8.756356	129.0	Rural_garden	Leiria District	Rotting_nut/pod/seed/fruit	litter, walnuts, isopods	None	None	None	None	None	C. Braendle	C. Braendle	2012-12-09	None	Isolated in a garden near an old farmhouse	2	FALSE	None	TRUE	TRUE	-8.756356	39.769459	-11.0510508610851	0.5406632222126132	neither	K267	K267_nob1
Caenorhabditis elegans	None	NIC274	NIC274	None	20160408	NIC	39.769459	-8.756356	129.0	Rural_garden	Leiria District	Rotting_nut/pod/seed/fruit	figs, litter	None	None	None	None	None	C. Braendle	C. Braendle	2012-12-09	None	Isolated in a garden near an old farmhouse	1	FALSE	None	TRUE	TRUE	-8.756356	39.769459	17.4429304215323	0.7773332936573599	neither	K267	K267_nob1
Caenorhabditis elegans	None	NIC275	NIC275	None	20160408	NIC	39.769459	-8.756356	129.0	Rural_garden	Leiria District	Rotting_nut/pod/seed/fruit	chestnuts, husks	None	None	None	None	None	C. Braendle	C. Braendle	2012-12-09	None	Isolated in a garden near an old farmhouse	1	FALSE	None	TRUE	TRUE	-8.756356	39.769459	13.240373396719	0.7424269932198024	neither	K267	K267_nob1
Caenorhabditis elegans	None	NIC276	NIC276	None	20160408	NIC	39.769459	-8.756356	129.0	Rural_garden	Leiria District	Rotting_nut/pod/seed/fruit	Kaki fruit remains, litter, (under Kaki tree)	None	None	None	None	None	C. Braendle	C. Braendle	2012-12-09	None	Isolated in a garden near an old farmhouse	2	FALSE	None	TRUE	TRUE	-8.756356	39.769459	44.2509713540356	1	neither	K267	K267_nob1
Caenorhabditis elegans	None	NIC277	NIC277	None	20160408	NIC	43.716441	7.266138	43.0	Urban_garden	Provence-Alpes-Cote d Azur	Rotting_nut/pod/seed/fruit	rotting orange	None	None	None	None	None	C. Braendle	C. Braendle	2012-12-15	None	Isolated in Parc de Valrose	1	FALSE	None	TRUE	TRUE	7.266138	43.716441	5.74184387587744	0.680144453625704	neither	K267	K267_nob1
Caenorhabditis elegans	None	NIC3	NIC3	None	20160408	NIC	43.3636	5.3215	55.0	None	Provence-Alpes-Cote d Azur	Rotting_nut/pod/seed/fruit	rotting figs	None	None	None	None	None	C. Braendle	C. Braendle	2008-09-28	None	None	1	FALSE	None	TRUE	TRUE	5.3215	43.3636	1.53719173461666	0.6452207512198362	neither	K267	K267_nob1
Caenorhabditis elegans	None	NIC501	NIC501	PA-05/11a-1	20170531	NIC	48.77302	2.2675	106.0	Botanical_garden_or_zoo	Ile-de-France	Rotting_nut/pod/seed/fruit	Apples	None	None	None	None	None	C. Braendle	C. Braendle	2013-09-14	None	None	5	FALSE	None	TRUE	TRUE	2.2675	48.77302	-23.3042474948061	0.43888857394686226	neither	K267E	K267E_nob1
Caenorhabditis elegans	None	NIC511	NIC511	NAP_C10.1	20170531	NIC	40.8625	14.2623855	40.0	Botanical_garden_or_zoo	Campania	Rotting_nut/pod/seed/fruit	Citrus fruits	None	None	None	None	None	C. Braendle	C. Braendle	2013-11-14	None	None	5	FALSE	None	TRUE	TRUE	14.2623855	40.8625	5.20979324919164	0.6757252586181335	neither	K267	K267_nob1
Caenorhabditis elegans	None	NIC513	NIC513	1.1a/LIS1	20170531	NIC	38.776038	-9.167136	79.0	Botanical_garden_or_zoo	Lisbon	Rotting_nut/pod/seed/fruit	Olives	None	None	None	None	None	C. Braendle	C. Braendle	2013-11-30	None	None	4	FALSE	None	TRUE	TRUE	-9.167136	38.776038	5.08927648416952	0.6747242503313247	neither	K267	K267_nob1
Caenorhabditis elegans	None	NIC514	NIC514	2.1a/LIS3	20170531	NIC	38.776038	-9.167136	79.0	Botanical_garden_or_zoo	Lisbon	Rotting_nut/pod/seed/fruit	Olives	None	None	None	None	None	C. Braendle	C. Braendle	2013-11-30	None	None	4	FALSE	None	TRUE	TRUE	-9.167136	38.776038	-23.1577227631294	0.4401056035493735	neither	K267	K267_nob1
Caenorhabditis elegans	None	NIC522	NIC522	ESP2/3.1c	20170531	NIC	36.535679	-6.304441	14.0	Botanical_garden_or_zoo	Andalusia	Rotting_nut/pod/seed/fruit	Citrus fruit	None	None	None	None	None	C. Braendle	C. Braendle	2014-04-01	None	None	4	FALSE	None	TRUE	TRUE	-6.304441	36.535679	9.22948417164101	0.7091126792234195	neither	K267	K267_nob1
Caenorhabditis elegans	None	NIC526	NIC526	ESP8/1.2a	20170531	NIC	36.535679	-6.304441	14.0	Botanical_garden_or_zoo	Andalusia	Rotting_nut/pod/seed/fruit	Fruit shells, woody	None	None	None	None	None	C. Braendle	C. Braendle	2014-04-01	None	None	3	FALSE	None	TRUE	TRUE	-6.304441	36.535679	7.38802223414136	0.6938175569311656	neither	K267	K267_nob1
Caenorhabditis elegans	None	NIC527	NIC527	ESP9/4a	20170531	NIC	36.535679	-6.304441	14.0	Botanical_garden_or_zoo	Andalusia	Rotting_nut/pod/seed/fruit	Citrus fruit	None	None	None	None	None	C. Braendle	C. Braendle	2014-04-01	None	None	3	FALSE	None	TRUE	TRUE	-6.304441	36.535679	21.4177424669569	0.8103479517860209	neither	K267	K267_nob1
Caenorhabditis elegans	None	NIC528	NIC528	ESP10/5a	20170531	NIC	36.535679	-6.29831	13.0	Botanical_garden_or_zoo	Andalusia	Rotting_nut/pod/seed/fruit	Orange	None	None	None	None	None	C. Braendle	C. Braendle	2014-04-01	None	None	3	FALSE	None	TRUE	TRUE	-6.29831	36.535679	-23.3441627139224	0.438557039449584	neither	K267D	K267D_nob1
Caenorhabditis elegans	None	PS2025	PS2025	None	20160408	CGC	34.19	-118.13	419.0	Urban_garden	California	None	None	None	None	None	None	None	J. DeModena	J. DeModena	None	None	None	3	FALSE	None	TRUE	TRUE	-118.13	34.19	-13.7657359938798	0.5181151367781479	neither	K267D	K267D_b1
Caenorhabditis elegans	None	QG2075	QG2075	None	20160408	QG	33.951	-83.376	195.0	None	Georgia	Fungus	store-bought mushrooms in a mushroom-feeding Drosophila vial	None	None	None	None	None	M. Rockman	None	2013-02-20	None	None	1	FALSE	None	TRUE	TRUE	-83.376	33.951	-47.0118121922852	0.2419743212461975	neither	K267E	K267E_b1
Caenorhabditis elegans	None	QG556	QG556	None	20160408	QG	34.421629	-119.702021	19.0	None	California	Rotting_nut/pod/seed/fruit	rotting orange peel, with snails	None	None	None	None	None	A. Paaby	None	2011-06-27	None	None	3	FALSE	None	TRUE	TRUE	-119.702021	34.421629	-8.5232597568572	0.5616589719922332	neither	K267D	K267D_b1
Caenorhabditis elegans	None	QG557	QG557	None	20160408	QG	34.421629	-119.702021	19.0	None	California	Rotting_nut/pod/seed/fruit	rotting orange peel, with snails	None	None	None	None	None	A. Paaby	None	2011-06-27	None	None	2	FALSE	None	TRUE	TRUE	-119.702021	34.421629	18.3863820142298	0.7851695715587774	neither	K267	K267_nob1
Caenorhabditis elegans	None	QW947	QW947	None	20160408	QW	-33.4213	-70.6106	612.0	Urban_garden	Santiago Metropolitan Region	Compost	compost heap with moist rotting grass (urban park) at Univerisdad Mayor, Camino la Piramide	None	None	None	None	None	M. Alkema	M. Alkema	2013-04-12	None	None	2	FALSE	None	TRUE	TRUE	-70.6106	-33.4213	-37.8265890501581	0.31826648258797946	neither	K267D	K267D_nob1
Caenorhabditis elegans	None	QX1212	QX1212	None	20160408	QX	37.7502	-122.4331	65.0	Urban_garden	California	Rotting_nut/pod/seed/fruit	soil under rotting orange	None	None	None	None	None	M. Rockman	M. Rockman	2007-11-26	None	None	2	FALSE	None	TRUE	TRUE	-122.4331	37.7502	20.5867948096154	0.8034461278717254	neither	Varnot267	varnot267_b1
Caenorhabditis elegans	None	QX1233	QX1233	None	20160408	QX	37.8804	-122.2838	34.0	Urban_garden	California	Compost	compost heap	None	None	None	None	None	M. Rockman	M. Rockman	2007-11-24	None	None	3	FALSE	None	TRUE	TRUE	-122.2838	37.8804	2.99716559696755	0.657347246105998	neither	K267	K267_b1
Caenorhabditis elegans	None	QX1791	QX1791	None	20160408	QX	20.6344	-156.3935	581.0	Forest	Hawaii	Rotting_wood	rotting bark, base of eucalyptus tree	None	None	None	None	None	E. Andersen	E. Andersen	2011-01-27	None	None	3	FALSE	None	TRUE	TRUE	-156.3935	20.6344	-24.230372347657	0.4311962113767818	neither	K267D	K267D_nob1
Caenorhabditis elegans	None	QX1792	QX1792	None	20160408	QX	20.70554	-156.35475	882.0	Rural_garden	Hawaii	Rotting_nut/pod/seed/fruit	rotting orange flowers	None	None	None	None	None	E. Andersen	E. Andersen	2011-01-28	None	None	3	FALSE	None	TRUE	TRUE	-156.35475	20.70554	-33.4261043345218	0.35481676391621547	neither	K267D	K267D_nob1
Caenorhabditis elegans	None	QX1793	QX1793	None	20160408	QX	20.70559	-156.35678	865.0	Rural_garden	Hawaii	Compost	Wilma's vermiculate compost bin	None	None	None	None	None	E. Andersen	E. Andersen	2011-01-28	None	None	3	FALSE	None	TRUE	TRUE	-156.35678	20.70559	-2.56866188544894	0.6111176660818041	neither	K267D	K267D_nob1
Caenorhabditis elegans	None	QX1794	QX1794	None	20160408	QX	20.70559	-156.35678	865.0	Rural_garden	Hawaii	Compost	Wilma's vermiculate compost bin	None	None	None	None	None	E. Andersen	E. Andersen	2011-01-28	None	None	1	FALSE	None	TRUE	TRUE	-156.35678	20.70559	-47.0648340898227	0.24153392310899535	neither	K267D	K267D_nob1
Caenorhabditis elegans	None	RC301	RC301	None	20160408	CGC	47.99	7.84	268.0	Urban_garden	Baden-Wurttemberg	Compost	compost heap	None	None	None	None	None	R. Cassada	R. Cassada	1983-01-01	None	Reference WBG 9(3) 29 and 10(2) 140-141. npr-1 pka bor-1	3	FALSE	None	TRUE	TRUE	7.84	47.99	1.79002131589036	0.6473207454070261	neither	K267	K267_nob1
Caenorhabditis elegans	None	WN2001	WN2001	None	20160408	WN	51.954422	6.303406	16.0	None	Gelderland	Compost	snail from organic waste bin	None	None	None	None	None	J. Riksen	None	2008-06-26	None	None	3	FALSE	None	TRUE	TRUE	6.303406	51.954422	-14.9498200686078	0.5082801733947256	neither	K267E	K267E_nob1
Caenorhabditis elegans	None	WN2033	WN2033	None	20170531	WN	51.975	5.694	27.0	Rural_garden	Gelderland	Rotting_stem	Sunflower stem 1	None	None	None	None	None	J. Riksen	J. Riksen	2014-11-05	None	None	4	FALSE	None	TRUE	TRUE	5.694	51.975	-4.40894074708687	0.5958323703787496	neither	K267	K267_b1
Caenorhabditis elegans	None	WN2050	WN2050	None	20170531	WN	51.975	5.717	20.0	Rural_garden	Gelderland	Rotting_stem	hogweed-1	None	None	None	None	None	J. Riksen	J. Riksen	2014-11-11	None	None	5	FALSE	None	TRUE	TRUE	5.717	51.975	-20.2564796429919	0.464203233491329	neither	K267E	K267E_nob1
Caenorhabditis elegans	None	XZ1513	XZ1513	None	20170531	XZ	22.14787	-159.63105	1270.0	None	Hawaii	Rotting_nut/pod/seed/fruit	rotting fruit, small red berries	None	None	None	None	None	M. Ailion	M. Ailion	2014-10-08	None	None	4	FALSE	None	TRUE	TRUE	-159.63105	22.14787	-20.2286826175065	0.46443411467084306	neither	K267D	K267D_nob1
Caenorhabditis elegans	None	XZ1514	XZ1514	None	20170531	XZ	22.149	-159.668	983.0	None	Hawaii	Rotting_nut/pod/seed/fruit	rotten small fruit (papaya or mango?)	None	None	None	None	None	M. Ailion	M. Ailion	2014-10-15	None	None	4	FALSE	None	TRUE	TRUE	-159.668	22.149	-19.2085809888912	0.4729070452497849	neither	K267E	K267E_nob1
Caenorhabditis elegans	None	XZ1516	XZ1516	None	20170531	XZ	22.149	-159.668	983.0	None	Hawaii	Rotting_nut/pod/seed/fruit	rotten small berries	None	None	None	None	None	M. Ailion	M. Ailion	2014-10-15	None	None	4	FALSE	None	TRUE	TRUE	-159.668	22.149	-20.415974631353	0.46287847336335325	neither	K267D	K267D_nob1
